category,k,r,band95,any_lag_band95,p_shift,outside
dealer,-8,-0.021287049255581985,0.06885661371423607,0.10378469096642322,0.5397301349325337,False
dealer,-7,-0.0059157899331153735,0.06908527838667358,0.10378469096642322,0.8845577211394303,False
dealer,-6,-0.012278139622292066,0.06773160906303526,0.10378469096642322,0.7521239380309845,False
dealer,-5,0.020802166367450584,0.06806407725366252,0.10378469096642322,0.5822088955522239,False
dealer,-4,-0.0010028239540415295,0.06726982911080694,0.10378469096642322,0.9735132433783108,False
dealer,-3,-0.04446266457720046,0.06788216117797444,0.10378469096642322,0.22338830584707647,False
dealer,-2,0.06130935793281523,0.06717070765195007,0.10378469096642322,0.08045977011494253,False
dealer,-1,0.09242015129402817,0.06764783922779385,0.10378469096642322,0.0079960019990005,True
dealer,0,0.14749843896523163,0.06771117858519154,0.10378469096642322,0.0004997501249375312,True
dealer,1,0.004817839593310487,0.06728615698291537,0.10378469096642322,0.904047976011994,False
dealer,2,0.022071229806270423,0.06737612309841493,0.10378469096642322,0.5632183908045977,False
dealer,3,0.07175590615901965,0.06703964044310977,0.10378469096642322,0.03548225887056472,True
dealer,4,0.022172173591657206,0.06724804017010923,0.10378469096642322,0.5577211394302849,False
dealer,5,0.049112185704107594,0.06968591845149502,0.10378469096642322,0.1619190404797601,False
dealer,6,0.015789230791341036,0.0679271117409968,0.10378469096642322,0.6911544227886057,False
dealer,7,0.06067427594270647,0.07166903283414425,0.10378469096642322,0.10294852573713144,False
dealer,8,0.0006637067140847474,0.0720654823148807,0.10378469096642322,0.991504247876062,False
asset_mgr,-8,-0.029879898559220706,0.06778056587052081,0.11307093721783125,0.3933033483258371,False
asset_mgr,-7,-0.037332507154007,0.06915619133349281,0.11307093721783125,0.28585707146426786,False
asset_mgr,-6,-0.018966652516252458,0.06848654642563794,0.11307093721783125,0.5877061469265368,False
asset_mgr,-5,-0.004704899275705506,0.06812732429568645,0.11307093721783125,0.8855572213893054,False
asset_mgr,-4,-0.028901324495812446,0.06852039587685665,0.11307093721783125,0.3988005997001499,False
asset_mgr,-3,-0.06862494962647639,0.06868377730910892,0.11307093721783125,0.05147426286856572,False
asset_mgr,-2,-0.03768267377892784,0.06752966028700802,0.11307093721783125,0.2608695652173913,False
asset_mgr,-1,0.027089057506493992,0.07009986538731533,0.11307093721783125,0.48375812093953025,False
asset_mgr,0,0.1273708128903614,0.07065304332840382,0.11307093721783125,0.0004997501249375312,True
asset_mgr,1,-0.0007333644574953343,0.06770717059345105,0.11307093721783125,0.9740129935032483,False
asset_mgr,2,0.007682639692644475,0.07208908888019415,0.11307093721783125,0.8140929535232384,False
asset_mgr,3,0.05724031714578406,0.07025916524094832,0.11307093721783125,0.08595702148925537,False
asset_mgr,4,0.011820120562060166,0.06949777636433153,0.11307093721783125,0.7401299350324838,False
asset_mgr,5,0.1115148183615549,0.06618795048462908,0.11307093721783125,0.004997501249375313,True
asset_mgr,6,0.03454562462382089,0.06674445473506468,0.11307093721783125,0.32533733133433285,False
asset_mgr,7,0.03718689524161448,0.07052669300892267,0.11307093721783125,0.2913543228385807,False
asset_mgr,8,0.028132991264741048,0.0673552549888072,0.11307093721783125,0.40229885057471265,False
lev_money,-8,0.019164725074765965,0.06685762375431209,0.09819670072404203,0.6316841579210395,False
lev_money,-7,-0.0043636071379763745,0.06764295287107817,0.09819670072404203,0.9060469765117442,False
lev_money,-6,-0.024170578269739475,0.06576676185803074,0.09819670072404203,0.5237381309345327,False
lev_money,-5,0.06770500058016257,0.06512449807384109,0.09819670072404203,0.04447776111944028,True
lev_money,-4,0.03459199490980825,0.06440454664072728,0.09819670072404203,0.35132433783108447,False
lev_money,-3,0.020733272841693122,0.06509049800802875,0.09819670072404203,0.5962018990504747,False
lev_money,-2,0.08780709824348268,0.06911533711696798,0.09819670072404203,0.010994502748625687,True
lev_money,-1,0.11849671452998975,0.06504931652918909,0.09819670072404203,0.0004997501249375312,True
lev_money,0,0.2797700497380761,0.06804335819576766,0.09819670072404203,0.0004997501249375312,True
lev_money,1,0.032237208831345246,0.06502626775803967,0.09819670072404203,0.3818090954522739,False
lev_money,2,0.07828115409256102,0.06479305781384014,0.09819670072404203,0.022488755622188907,True
lev_money,3,0.08583197604383223,0.06360385273439761,0.09819670072404203,0.013993003498250875,True
lev_money,4,0.034852766405194385,0.06734711213402517,0.09819670072404203,0.3553223388305847,False
lev_money,5,0.10093200190105667,0.06741725031101059,0.09819670072404203,0.001999000499750125,True
lev_money,6,0.02240585536517657,0.06818308423700341,0.09819670072404203,0.5857071464267866,False
lev_money,7,0.09260713986650992,0.06630850389126774,0.09819670072404203,0.008995502248875561,True
lev_money,8,0.008454514578320136,0.07139617903588934,0.09819670072404203,0.8195902048975512,False
other_rept,-8,0.09132035530245122,0.08817584680129077,0.18113740984347995,0.04397801099450275,True
other_rept,-7,0.038912364289938696,0.0894316001727781,0.18113740984347995,0.3938030984507746,False
other_rept,-6,0.09078507680280168,0.08931167413304582,0.18113740984347995,0.041979010494752625,True
other_rept,-5,0.1517628092606245,0.08963486052415606,0.18113740984347995,0.004997501249375313,True
other_rept,-4,0.11488210625081852,0.09127747864790818,0.18113740984347995,0.02148925537231384,True
other_rept,-3,0.10398226044420514,0.08933558222451658,0.18113740984347995,0.03498250874562719,True
other_rept,-2,0.10786381327554875,0.09124578135965668,0.18113740984347995,0.026986506746626688,True
other_rept,-1,0.09592490177880897,0.08851579238023512,0.18113740984347995,0.0399800099950025,True
other_rept,0,0.16716136965102296,0.0915775656262112,0.18113740984347995,0.001999000499750125,True
other_rept,1,0.05313197285114925,0.09281121450899424,0.18113740984347995,0.25337331334332835,False
other_rept,2,0.0506961003839871,0.09075339360037768,0.18113740984347995,0.2413793103448276,False
other_rept,3,0.08149766783468074,0.09003210178660515,0.18113740984347995,0.07646176911544228,False
other_rept,4,0.07399848236871737,0.09450264138107296,0.18113740984347995,0.11794102948525736,False
other_rept,5,0.05712310317254649,0.10039068294023466,0.18113740984347995,0.23488255872063968,False
other_rept,6,0.034970899097785536,0.09476611726939704,0.18113740984347995,0.47626186906546725,False
other_rept,7,0.08678726956144195,0.09424945326234055,0.18113740984347995,0.057971014492753624,False
other_rept,8,0.017800374164910905,0.09464984154321317,0.18113740984347995,0.719640179910045,False
nonrept,-8,0.01745701663847932,0.06632052031955463,0.10238958530418511,0.617191404297851,False
nonrept,-7,0.06430400412739719,0.06641863442467327,0.10238958530418511,0.06196901549225387,False
nonrept,-6,0.051931049034795944,0.06920755120286577,0.10238958530418511,0.1724137931034483,False
nonrept,-5,0.07257094925698014,0.06926529953846793,0.10238958530418511,0.033483258370814596,True
nonrept,-4,0.07537288460399443,0.06861644613239766,0.10238958530418511,0.025487256371814093,True
nonrept,-3,-0.020534192480270507,0.06746956051913679,0.10238958530418511,0.5757121439280359,False
nonrept,-2,0.15852336858481375,0.066772823147198,0.10238958530418511,0.0004997501249375312,True
nonrept,-1,0.13063209480316962,0.06680541811113969,0.10238958530418511,0.0004997501249375312,True
nonrept,0,0.17566858015060183,0.06712709313878822,0.10238958530418511,0.0004997501249375312,True
nonrept,1,0.026560164107423075,0.06712709313878822,0.10238958530418511,0.47976011994003,False
nonrept,2,0.0831991239581424,0.0663302955593826,0.10238958530418511,0.010994502748625687,True
nonrept,3,0.06561677707503849,0.06631139751436711,0.10238958530418511,0.05847076461769116,False
nonrept,4,-0.016648963045641067,0.06650020838436686,0.10238958530418511,0.6551724137931034,False
nonrept,5,0.05634701382920412,0.06636049542296164,0.10238958530418511,0.13693153423288357,False
nonrept,6,0.008989710824297416,0.0674471589185963,0.10238958530418511,0.8150924537731135,False
nonrept,7,0.05326102958180835,0.06732402712811936,0.10238958530418511,0.14392803598200898,False
nonrept,8,0.08363093434735804,0.06671641759934488,0.10238958530418511,0.005997001499250375,True
